event_id,qs,qe,dWCT_energy,dWCT_peak,V1_R_Lund,V1_S_Lund,V1_ptp_Lund,V1_R_ML,V1_S_ML,V1_ptp_ML,V1_contam_pct,V2_R_Lund,V2_S_Lund,V2_ptp_Lund,V2_R_ML,V2_S_ML,V2_ptp_ML,V2_contam_pct,V3_R_Lund,V3_S_Lund,V3_ptp_Lund,V3_R_ML,V3_S_ML,V3_ptp_ML,V3_contam_pct,V4_R_Lund,V4_S_Lund,V4_ptp_Lund,V4_R_ML,V4_S_ML,V4_ptp_ML,V4_contam_pct,V5_R_Lund,V5_S_Lund,V5_ptp_Lund,V5_R_ML,V5_S_ML,V5_ptp_ML,V5_contam_pct,V6_R_Lund,V6_S_Lund,V6_ptp_Lund,V6_R_ML,V6_S_ML,V6_ptp_ML,V6_contam_pct,V7_R_Lund,V7_S_Lund,V7_ptp_Lund,V7_R_ML,V7_S_ML,V7_ptp_ML,V7_contam_pct,V8_R_Lund,V8_S_Lund,V8_ptp_Lund,V8_R_ML,V8_S_ML,V8_ptp_ML,V8_contam_pct,V9_R_Lund,V9_S_Lund,V9_ptp_Lund,V9_R_ML,V9_S_ML,V9_ptp_ML,V9_contam_pct
LV_Pace01,85,230,10.056847357274641,0.38703470954801195,1.2018193175086853,0.0,0.9408074690648693,0.904345117057699,0.0,0.8050678380359537,8.947177876041906,1.4372194388306059,0.0,1.0751295428567422,1.0554109621132155,0.0,0.7284983524367449,6.6256144799620404,0.9588342490514661,-0.17339848045431133,1.1322327295057775,0.6350799219351553,-0.386807489522997,1.0218874114581522,24.78774125861235,0.10519042560879245,-0.8999586618799189,1.0051490874887115,0.0,-1.1975312021586,1.1409870583453219,20.703219564700362,0.5019982499229707,-0.6834986088423162,1.185496858765287,0.20995177827087416,-0.9383657956202388,1.1483175738911129,32.53884444130036,0.0,-0.5895377743346067,0.4755807537103779,0.0,-0.9704356147945814,0.8213013078729594,39.64319518501409,0.0,-0.4816703616265376,0.38930582126337976,0.0,-0.8654744401595038,0.7379326134989528,61.02695626718647,0.0,-0.31771545106617627,0.2542781589691189,0.0,-0.7025663251242047,0.6039517467297542,153.8644125073723,0.05461151984527721,-0.04073669192277256,0.09534821176804976,0.0,-0.42593586616931073,0.3885320003717804,7956.182571239725
LV_Pace02,84,212,3.1869113676628826,0.23328734543815013,0.7612555397998997,0.0,0.5078784434191638,0.6570148783124428,0.0,0.5221546539595185,6.333571293285539,0.7683548453816228,0.0,0.48141148221716185,0.5417028012243578,0.0,0.308274005752067,8.710685624822727,0.5040011494302058,-0.6182086303481956,1.1222097797784014,0.3092501717883551,-0.7539329504360319,1.063183122224387,11.985963667068617,0.04313934914398426,-1.0213642736165491,1.0645036227605333,0.0,-1.1789501660663118,1.1035726431824844,5.805576916974435,0.24920715559076725,-0.9354842347589342,1.1846913903497014,0.10319060983698379,-1.0769364422452057,1.1801270520821894,7.03801406408283,0.0,-0.7804482313121542,0.6062408951685884,0.0,-0.9875509808208764,0.7889604805825845,8.079686362868824,0.0,-0.6987498708764563,0.5617547432204246,0.0,-0.9124028433998737,0.7510245516491159,10.097785669000704,0.0,-0.5688515837986206,0.4820589656152575,0.0,-0.7852140917215017,0.6740383094434126,15.746407839909825,0.007807229958656084,-0.3078523837096342,0.31565961366829026,0.0,-0.5278519383752301,0.5112760042391601,63.946794383866035
LV_Pace03,120,260,11.703629156604999,0.44183192476574834,0.6533183476545958,-0.08907516394195449,0.7423935115965503,0.29722205716979483,-0.2853737611614182,0.582595818331213,65.46911034872305,1.8503856088942694,0.0,1.635494422846259,1.4110515337514509,0.0,1.2558151135447546,5.872247235610646,2.328401038712696,0.0,1.9876453962807428,1.898306173864577,0.0,1.6172052972739377,3.2970714243071777,1.5977099323660693,0.0,1.3038693148992053,1.3194615819631292,0.0,1.3050595231403477,7.3496187373042,1.9635445774399034,0.0,1.5734887982515062,1.6090946936923385,0.0,1.2786936803452555,4.36354217631643,0.2653993469322474,-0.0918593543014009,0.35725870123364833,0.10480693094022685,-0.43331805659442013,0.538124987534647,259.8119298984273,0.12874924572084712,-0.08251347144113176,0.21126271716197886,0.0,-0.4359242136393292,0.4204689100516576,1083.2749731213898,0.07743773529572495,-0.1135400545331585,0.19097778982888347,0.0,-0.41177209250321256,0.26417945813028043,2482.6482004607574,0.07812757313267316,-0.2378164111995482,0.3159439843322214,0.0,-0.4990030659015967,0.24027762382732526,307.2865054838195
LV_Pace04,104,236,16.44978313645816,0.5043471722051719,1.253329816267724,0.0,1.1465863769084375,0.8042655277281,-0.022054508198232577,0.8263200359263326,16.268574160717048,2.092620359356997,0.0,1.6743704546891804,1.5917081021090271,0.0,1.2501952541747383,5.818999030854755,1.7412519346638546,-0.019079604710317243,1.7603315393741719,1.287120978224807,-0.09581666144384526,1.3829376396686524,9.739279888794616,0.8881026601578587,-0.574252797290145,1.4623554574480035,0.5819176110709628,-0.9318221066258611,1.513739717696824,43.58251360783489,1.3459359739150893,-0.272062869874653,1.6179988437897423,0.9856261860384707,-0.5577973262617799,1.5434235123002507,23.07135734607849,0.001307490922094326,-0.24917218694378693,0.25047967786588127,0.0,-0.7241260741018252,0.5956644518869124,437.63581925367214,0.0,-0.14206262291800356,0.080014203109012,0.0,-0.6371309257105803,0.48782310934011525,1157.5295791159926,0.01990263580682876,-0.12560396681661223,0.145506602623441,0.0,-0.4997924492728658,0.3841198293057266,5842.768102229284,0.23990967559143847,-0.16972482212604806,0.4096344977174865,0.0,-0.3820795120892988,0.3164171303448905,504.4270580261408
LV_Pace05,71,223,0.6852591183986694,0.10414588860817883,0.46380185154855447,0.0,0.31874929601051694,0.5007324476173595,0.0,0.44959413800140446,2.997119049674341,0.34706422367086825,-0.2244288284676307,0.571493052138499,0.24548559441881956,-0.17717829468766477,0.42266388910648434,14.273596060238473,0.23909719014439465,-1.181484995994511,1.4205821861389056,0.1451829442223121,-1.1650354494672288,1.3102183936895409,0.6085369744224517,0.0,-1.3583755491743255,1.3557117118468944,0.0,-1.3670470080941495,1.270468924844636,0.4632006034415022,0.10710960872806752,-1.4332380291201765,1.5403476378482441,0.013195362805984948,-1.43297554166692,1.446170904472905,0.41779624487585765,0.0,-0.41050076242702593,0.293578186081938,0.0,-0.4438903426968534,0.338745274772953,4.343522154632413,0.0,-0.293938294462412,0.19593085910915925,0.0,-0.31571161016896077,0.22948168323689558,8.383709831026659,0.0,-0.19246111863704635,0.12273850602675829,0.0,-0.21113950768118372,0.17042790892241816,27.007913366022304,0.07945428997022312,-0.05609270694095629,0.1355469969111794,0.12753217935803227,-0.15483929547775696,0.2823714748357892,198.01023469140608
LV_Pace06,82,213,3.8855743459669965,0.2705853367254471,0.5704934283398807,-0.11953501576570454,0.6900284441055853,0.3700236449988758,-0.08164256851436119,0.451666213513237,15.50133026457369,1.3125305447494147,0.0,1.2851373475801064,1.0554479040185891,0.0,0.9901622595979376,3.555920282438143,1.3710372051690625,-0.006683886546300852,1.3777210917153633,1.1149077746883533,-0.09957886084024684,1.2144866355286001,3.8164387189144904,0.5471924485428677,-0.35941804757514817,0.9066104961180159,0.5847078543284043,-0.45904875849763055,1.043756612826035,33.12718134534844,0.7411614855392609,-0.26283851989789053,1.0040000054371514,0.5625199286267138,-0.3586556265087397,0.9211755551354536,11.58587301727628,0.38123008780687573,-0.016394066035404817,0.39762415384228056,0.2711974421856141,-0.1092890403293508,0.38048648251496486,36.381016990490075,0.4561093490935887,0.0,0.419658018588878,0.2986727181756684,-0.056443643789235304,0.3551163619649037,25.560979650838057,0.5301890119159529,-0.01196845178165461,0.5421574636976075,0.3399683904434453,0.0,0.33636836720519536,18.72390640857367,0.5348296958141519,-0.09203519151838462,0.6268648873325364,0.33589178799814234,-0.05414274426704127,0.3900345322651836,18.00116356983736
LV_Pace07,72,227,6.731249476551955,0.3056983045471432,0.056215374483568045,-0.27618197757112484,0.3323973520546929,0.22439574973957174,-0.08072259687703394,0.3051183466166057,230.98777055694242,0.0,-1.0516016139298725,0.921782396940063,0.0,-0.7579563308419527,0.6938763645143997,10.239934426794818,0.0,-1.3668476611838518,1.185456779011726,0.0,-1.0613914423668955,0.9470927923300905,5.000604908535979,0.0,-0.9406313830766548,0.8561952036508832,0.0,-0.6351751642596986,0.6201537702262603,9.323052605284275,0.0,-1.2559402987916117,1.1038158705889256,0.0,-0.9504840799746554,0.8661976079124194,5.450430478147538,0.2566865637625553,0.0,0.1765666404554027,0.5409338303832918,0.0,0.3998584087563076,98.142992971313,0.3356606473152315,0.0,0.25244086750062167,0.6278538898131089,0.0,0.48367861167866744,56.04408524148789,0.3990207205041276,0.0,0.3173217908358019,0.6844055493293569,0.0,0.5417511213411996,40.463079992880154,0.42707793948637973,0.0,0.3522672311718098,0.6867552557725682,0.0,0.5509890491381667,37.93283562712599
LV_Pace08,48,138,3.513927284103957,0.3125981748496006,0.008635072580406602,-0.3053353864578152,0.3139704590382218,0.020677808197220565,-0.13518926538953557,0.15586707358675614,77.10262836611129,0.1278263738102885,-1.0621464042548816,1.18997277806517,0.08019316703644673,-0.7809013785708432,0.8610945456072899,7.2888258339797565,0.2768579571314418,-1.456407093144372,1.7332650502758138,0.23588630104231376,-1.1610516894429133,1.396937990485227,4.123889220201969,0.28823914897722797,-0.7451079939620612,1.033347142939289,0.2763508474539853,-0.44439750795667454,0.7207483554106598,18.341163375474572,0.3152030525834069,-1.1709336027072392,1.486136655290646,0.29283213172457806,-0.8699868363051235,1.1628189680297016,6.880442656520582,0.15888346639268264,0.0,0.15317019986480393,0.4574359138167483,-0.041961719094294525,0.49939763291104283,274.29124500880005,0.2011907732528087,-0.002925383386425489,0.2041161566392342,0.5005888368789023,-0.051626204117994026,0.5522150409968963,210.18251709239016,0.22262642137725341,-0.010685233951461492,0.2333116553287149,0.5224224791907172,-0.059824575568326405,0.5822470547590436,193.74799516488605,0.21244074685118497,-0.032811159000694395,0.24525190585187936,0.512626575046724,-0.07042257314769287,0.5830491481944169,235.50434218991285
LV_Pace09,66,251,13.335076193830673,0.42090884511263527,0.8670013533037088,0.0,0.8325323758465579,0.5714157036832568,-0.02023833073701244,0.5916540344202692,23.252949183540693,1.3646849217610457,0.0,1.2532459735889112,0.9515214733742237,0.0,0.8874323577758132,8.917948943897358,1.3402354718762435,-0.10311187179431079,1.4433473436705542,0.9602508705028494,-0.2121745303461513,1.1724254008490007,10.659312766986487,0.8694692117210638,-0.4472537603058776,1.3167229720269416,0.5270666580456966,-0.6214980786062771,1.1485647366519738,25.168573790046004,1.1918126550262187,-0.3480204407613365,1.5398330957875552,0.821919319881462,-0.480957871317277,1.3028771911987391,14.000863788907424,0.0,-0.4984825970103444,0.4524025971435555,0.0,-0.918023638718789,0.8427828770793976,61.22309503897093,0.0,-0.5513032933541506,0.5279513304873289,0.0,-0.9644170188765947,0.9119042942371705,46.78369086599699,0.0,-0.6026445944103606,0.6007488160599705,0.0,-0.979904357784849,0.9488478176618563,41.33541143081985,0.021109924477123773,-0.5541796557620237,0.5752895802391474,0.0,-0.9097281333816456,0.9016772960861668,53.68416591225454
LV_Pace10,85,222,5.439749558734192,0.28543039888267,0.7920528571784056,0.0,0.643158217558808,0.5873706282491387,0.0,0.5453751101005708,10.977227805364763,0.9091641114106038,0.0,0.5410530444391082,0.6448592547097892,0.0,0.32822642335610774,8.75880908114022,0.8570332676457404,-0.36515671367338626,1.2221899813191266,0.6198414329931343,-0.53466999629345,1.1545114292865843,14.706793324693153,0.4359616401936738,-0.7543218916751909,1.1902835318688647,0.23014376427076688,-0.9610577617287277,1.1912015259994946,16.53036627712889,0.6892239637620174,-0.6404294765262671,1.3296534402882845,0.4770054097794816,-0.8356361157393248,1.3126415255188064,14.64037398497584,0.0,-0.8120415407470042,0.6350090141650278,0.0,-1.0953003211549188,0.8712150202301315,11.835742483631517,0.0,-0.8102355345733624,0.6624774879195126,0.0,-1.095498419035166,0.9006875980385053,11.794495562333873,0.0,-0.7822628389212326,0.677886461186015,0.0,-1.0622652937847685,0.91083614170674,13.45741096755324,0.0,-0.6102932934306761,0.5930800056843478,0.0,-0.882291517987258,0.8180254558981188,26.018953843150957
LV_Pace12,104,233,7.491426410965908,0.31203261658174253,0.10513845914774778,-0.3447568549324338,0.4498953140801816,0.2034113755678577,-0.10011890464881515,0.30353028021667283,114.96096593592647,0.0,-1.0465863276149727,0.9023870814757775,0.0,-0.7788135175181219,0.6733752068925545,8.656609639884785,0.0,-1.48807884370959,1.3541740852527828,0.0,-1.1779846290525038,1.0828408061093244,4.224970508540109,0.0,-0.9585042335246203,0.9035296081029162,0.0,-0.6573926203943511,0.6411789304862747,11.648822460939764,0.0,-1.3205452077118414,1.2402600081400956,0.0,-1.0125502366445553,0.9710259725864374,5.72270588898888,0.09833945106611097,-0.05808473293065653,0.1564241839967675,0.3478025910675332,0.0,0.3465540450851197,2968.7955196701355,0.12014758328261252,-0.04191254967177006,0.16206013295438257,0.3875404308623292,0.0,0.3810140206825838,1528.4410856009251,0.12614607891398058,-0.0307889347905446,0.15693501370452517,0.4064554664271043,0.0,0.3924853737588604,1141.779819213722,0.1204005256246291,-0.01703397672297293,0.13743450234760204,0.401034218916397,0.0,0.367928034388452,1323.2073031113273
LV_Pace13,77,237,7.4439323545134375,0.2728980862258028,0.0858745223955131,-0.1479455093423559,0.233820031737869,0.1974758172704978,0.0,0.15171210173941535,533.7620695647655,0.0,-1.0211200608930338,0.7920193770160051,0.0,-0.7685004821476918,0.588081924864116,7.330876254455822,0.0,-1.6526729775485698,1.448209450657213,0.0,-1.411157207097468,1.255375806799564,2.83227887494657,0.0,-1.0838495152208438,0.9818073723954888,0.0,-0.8387770747709472,0.7854170585390449,6.302453559190261,0.0,-1.4889363455938895,1.3498928725937893,0.0,-1.2451073899179563,1.1547460435113088,3.4833961960842212,0.013161187071970351,-0.13118780742944475,0.14434899450141508,0.24712811700098847,-0.01036299123134862,0.25749110823233706,777.6682068747466,0.0794866759619239,-0.10584011617068793,0.18532679213261183,0.32281689631711086,-0.006372864659596602,0.32918976097670744,1266.2195014021295,0.13479965496152624,-0.09349770846417707,0.2282973634257033,0.38312129654620986,0.0,0.3826990957383814,798.1361818255967,0.17700966880669117,-0.06322496788378076,0.24023463669047193,0.42814053974041477,0.0,0.40027925480258764,493.2110567711876
LV_Pace14,81,245,4.722786974769292,0.2776165306281916,0.39094052287307224,-0.6467781581268403,1.0377186809999124,0.4292161420446783,-0.4182576354689127,0.847473777513591,18.46238272983249,0.10769603146088214,-0.98565590027674,1.0933519317376221,0.08697992472146397,-0.7223854610485025,0.8093653857699665,11.453653797852954,0.3832531280608043,-0.982187500062999,1.3654406281238034,0.3760782829281303,-0.7293190676174071,1.1053973505455374,6.724766024482285,0.4851147338436903,-0.586611197207853,1.0717259310515432,0.5800640219772837,-0.41774264923014387,0.9978066712074276,18.948895510259323,0.47658132032263434,-0.8410512147912295,1.3176325351138638,0.505802854890172,-0.61261108092366,1.118413935813832,10.139112549581135,0.037236521502559725,-0.16089873462436188,0.19813525612692162,0.2523071850859644,-0.1402360442578907,0.3925432293438551,314.2178903828253,0.0,-0.1478807857246889,0.13687590374602945,0.18373180508372833,-0.1256162561479177,0.30934806123164604,277.68920066392496,0.0,-0.21462696741623977,0.1676614570705629,0.10395572040092266,-0.1117404161882906,0.21569613658921327,132.45525218669718,0.0,-0.3288172121036769,0.30072890107779354,0.05011591521843706,-0.18345892972925332,0.23357484494769037,64.01216551630091
LV_Pace15,79,230,2.809285879338433,0.18688004808636102,0.27037120861219366,-0.04234933914045407,0.31272054775264774,0.3347966708510419,-0.04883111459328703,0.38362778544432896,112.73858459091662,0.19604982694989814,-0.7294028446714143,0.9254526716213124,0.16114680689639316,-0.5475669917354951,0.7087137986318882,6.665534086221085,0.38596857036962356,-1.4596694037978695,1.845637974167493,0.3510655503161186,-1.2762156221182788,1.6272811724343974,1.6920403688277372,0.37642350174182027,-1.0974597308412328,1.473883232583053,0.3422408124004375,-0.9164347552184147,1.2586755676188521,3.1298194816640175,0.446445699358934,-1.380236509918408,1.826682209277342,0.41154267930542904,-1.1997466394352334,1.6112893187406625,1.9697932663135806,0.0,-0.41087373610894534,0.36438555414541024,0.0,-0.23709711773887623,0.15570591572183612,19.371526299178406,0.0,-0.3794314398656962,0.29314117309402576,0.0,-0.2174417024640019,0.1167916204495392,23.14946397738373,0.0,-0.3474769571477258,0.22581364793962386,0.0,-0.24958420717446578,0.18257146125492763,27.68436444724881,0.0,-0.2809497657330664,0.21300996987182702,0.04120485865938367,-0.2670077665058724,0.30821262516525605,49.595679966187376
LV_Pace16,64,235,12.963612416592458,0.38470445136985615,0.0,-0.8026515811610107,0.6438401876132089,0.0,-0.5361339508830132,0.4831977614408549,28.14368014627084,0.0,-1.4570285630078694,1.2597072731005543,0.0,-1.0768077907715305,0.9713340031176089,7.596310659588922,0.010708730336149865,-1.465466115959695,1.4761748462958448,0.08688697199346515,-1.0886253744072967,1.1755123464007617,8.301155093303137,0.4110171057956888,-0.5025919193613095,0.9136090251569984,0.6278651291378646,-0.1879237334132291,0.8157888625510937,59.42840362143619,0.2340944364869909,-0.9626901034059716,1.1967845398929624,0.38442683440895115,-0.5951000626682337,0.9795268970771849,19.170151666350723,0.23014205693175366,0.0,0.1768272709110869,0.6066694352748142,0.0,0.4957134494265082,405.154549963026,0.2032683946125123,0.0,0.16067199989484032,0.5830147177111598,0.0,0.48234541302642386,616.8623344422958,0.14151457594685452,-0.04120996122526835,0.18272453717212286,0.5229748280753626,0.0,0.43894427794706903,1870.10422951332,0.02295293665768875,-0.16247711905147924,0.18543005570916798,0.40746853468437577,0.0,0.3590360723973667,1432.0563697050998
LV_Pace17,81,264,17.058156941084327,0.5018715925337994,1.0468914756140362,-0.05952804438502897,1.1064195199990652,0.7052401619953139,-0.07944287839555758,0.7846830403908716,20.796834446049306,1.8798765718759443,0.0,1.834785546347158,1.381776961382533,0.0,1.3515045047027787,6.516815809301057,1.880202513050497,0.0,1.8769436737728675,1.3845542534807473,-0.13417221349605607,1.5187264669768035,7.444912072682243,1.1281830646805227,-0.5799110082779915,1.7080940729585141,0.7819327114008852,-0.8017299601802128,1.583662671581098,19.952584276975642,1.5331422705955142,-0.3927022310383544,1.9258445016338686,1.121260910439141,-0.5818345587823893,1.7030954692215303,10.901611467188326,0.0,-0.5315732034040203,0.5011907302219497,0.0,-1.0275981599892918,0.9823971179581894,85.65559282164728,0.0,-0.6075754515829731,0.5671010614743892,0.0,-1.0873554841551856,0.9901437452978197,66.79561452563733,0.0,-0.6560275819017876,0.640842078939217,0.0,-1.1010656461100663,1.0171574888198793,58.4724707798578,0.05690969682307091,-0.6088361799907684,0.6657458768138393,0.0,-0.9943111558036875,0.937629456618021,72.24998090343392
LV_Pace18,92,254,12.134735694349814,0.4169902658055803,0.9691014328154324,0.0,0.9136116682644274,0.6761458378137877,-0.04294118674945634,0.719087024563244,16.416176020413676,1.4389647803439884,0.0,1.0989829679911627,1.021974514538408,0.0,0.7804236534860437,7.532320379952817,1.3654243315817933,-0.19884114535458952,1.5642654769363828,0.9826100516941657,-0.3563263396636412,1.338936391357807,10.309061079018347,0.8246731717161123,-0.6317033352477665,1.4563765069638788,0.5581608072676485,-0.8561143592464948,1.4142751665141433,21.89873686562221,1.1467081443521938,-0.5126523498495048,1.6593604942016986,0.8253532850785984,-0.7086170665926783,1.5339703516712766,13.410057284497567,0.0,-0.6842238842828396,0.6053301288757476,0.0,-1.10121415008842,0.9614424041492646,33.6781698336969,0.0,-0.7241176717080827,0.6788877365503433,0.0,-1.1361350280878473,1.0300271023980445,28.949294091369993,0.0,-0.749607444623444,0.7427948932159284,0.0,-1.1304224067559991,1.0627318648164203,28.04533477102814,0.0452634974029391,-0.6486943850353748,0.6939578824383139,0.0,-1.0015569022378672,0.985942409108743,40.834789163682515
LV_Pace19,67,226,6.246488064390574,0.29572432123239173,0.9123831825845856,0.0,0.6750135829218362,0.680366199067223,0.0,0.5280596465945991,9.248792750071443,0.9678883936831497,0.0,0.7117112407744384,0.676008213043358,0.0,0.5048941073247724,8.195391466828617,0.639153604176488,-0.3718732369122414,1.0110268410887295,0.38970540295491474,-0.48775145962334915,0.8774568625782639,25.14114880465587,0.0,-0.8435920458464096,0.815009703035554,0.0,-1.0829430073727415,0.8185359105218702,20.372137592263364,0.32570819670509293,-0.6650528409394704,0.9907610376445632,0.08697239081777017,-0.8977772334039389,0.9847496242217091,27.912699258004334,0.0,-0.7881200070988381,0.6336216335719358,0.0,-1.0834697156907283,0.8983582482480688,13.207770520154218,0.0,-0.7618809656794933,0.6290628763950222,0.0,-1.0572629883100717,0.8938318051098435,15.430035936796207,0.0,-0.680055977888661,0.5935077179207762,0.0,-0.9743275473982178,0.8430528101475303,22.245344712690155,0.027518863404055755,-0.4455333216968075,0.4730521851008632,0.0,-0.7392096910269729,0.6826383399227589,70.48071654838957
LV_Pace20,70,232,5.466341681489711,0.260515412724985,1.2375857844517504,0.0,0.9500634056545332,1.0346848234837154,0.0,0.8448211863426112,4.546725359693459,1.1550990462280661,0.0,0.8407621812944513,0.8955446543789423,0.0,0.6788665311014405,4.962635545696737,0.6244616304166195,-0.5558432094925387,1.1803048399091582,0.3954519059772658,-0.7499525785239749,1.1454044845012408,20.439570746032732,0.0,-1.4092953286611898,1.163575401462577,0.0,-1.6174504281935198,1.2887319101798924,5.024743381720399,0.02989682292265783,-1.2208282213760173,1.250725044298675,0.0,-1.4222073073887698,1.2880373942139727,8.16212741763383,0.0,-0.4013118319571139,0.32144591274485435,0.0,-0.6225930116039782,0.4450683507356057,46.162329226415096,0.0,-0.23541354557104832,0.23212054761294074,0.0,-0.431339951585142,0.3295773005632783,150.09488284503112,0.1446280901730403,-0.10778944928021557,0.25241753945325585,0.0,-0.2495178353765254,0.2432994166410096,371.4893321601254,0.3885193812043575,-0.03824150323657356,0.426760884440931,0.16276452675397168,-0.07827016119805176,0.24103468795202343,41.49232264092782
LV_Pace21,58,236,1.479870682497019,0.15453631031793233,0.41631975801179133,0.0,0.360029387896224,0.5447089370286117,0.0,0.4417769964466438,9.104693502399027,0.10531974617847628,-0.3375430394305042,0.44286278560898046,0.16208058495780558,-0.18301866053602558,0.3450992454938312,37.14925781486775,0.0,-1.3498417654990604,1.1183321969060158,0.0,-1.2070793436387683,1.0279740531923403,1.1972263872658437,0.0,-1.4272638249850187,1.2591877852271631,0.0,-1.2909997843955314,1.1297949376426932,0.9676421776327035,0.0,-1.6111107464185321,1.3936784737291854,0.0,-1.4732897346627394,1.2627286549784098,0.7790141310340385,0.15603018896097282,-0.06870582705346624,0.22473601601443904,0.22109966963767166,-0.05931277263439503,0.2804124422720667,111.56315177498504,0.22638502241551467,-0.05049403121188428,0.27687905362739895,0.33384004839981823,-0.043622838206867055,0.3774628866066853,31.544734166127906,0.34116024409117673,-0.0287024903474144,0.36986273443859113,0.4607980923850021,-0.021831297342397173,0.48262938972739927,13.97445855019447,0.4455154591969579,0.0,0.43168486020536817,0.577364539856099,0.0,0.5566627478594921,8.3411977932766
RV_Pace01,45,265,19.89063071040264,0.41652352881294635,0.0,-0.8637543185878579,0.6854606127354147,0.0,-0.4814835122036403,0.3635000154845374,23.18660871792506,0.0,-1.9557994256799105,1.8849411638584272,0.0,-1.5642573557470794,1.5537093030589364,5.231088367290758,0.06599027509530242,-2.005769350154713,2.0717596252500154,0.12233311365077523,-1.6153643603409134,1.7376974739916886,5.357989047682165,0.28402465053054377,-0.7514448603513548,1.0354695108818985,0.42277761813548476,-0.3432347322604425,0.7660123503959273,44.001350707771685,0.19732516276789236,-1.2987446577448747,1.496069820512767,0.290011241121104,-0.8927106813567491,1.1827219224778531,12.429592114613273,0.061341604255167013,-0.08144583627824224,0.14278744053340925,0.4381696237511409,0.0,0.3862408815444929,7020.07797378053,0.042991611514474705,-0.08904769833755362,0.13203930985202833,0.4408038215778451,0.0,0.4227071839955594,5187.935628342042,0.009283559941184301,-0.12439246225292128,0.13367602219410557,0.4050295058325545,-0.021173266508317162,0.42620277234087167,1261.055684618418,0.0,-0.22860200686209262,0.19042444068605127,0.33535826014216885,-0.0641751658556671,0.3995334259978359,366.4727833352336
RV_Pace02,64,246,2.980717032565696,0.16639961228784142,0.0,-0.5031679227577937,0.4352611593299264,0.0,-0.3563361895545425,0.3392490046038492,13.542607414116011,0.0,-0.7082429366623075,0.5991090408739197,0.0,-0.5434916942140552,0.5070609299061914,9.365806621759909,0.2423316954898166,-0.48882113201186034,0.731152827501677,0.3294539932595716,-0.3377476668496789,0.6672016601092505,22.96094704540342,0.8037041238907373,-0.19369308372161376,0.9973972076123511,0.9392638406417753,-0.1331814287789867,1.072445269420762,7.308733290708145,0.5159917403115457,-0.32577065271708117,0.8417623930286269,0.6560669547275708,-0.20635255105261316,0.862419505780184,14.101261130295109,0.7331642739202802,0.0,0.5364988841598493,0.8799960071235313,0.0,0.6328956523423038,4.9244573349754255,0.685174494218292,0.0,0.48825215655568777,0.8427165438349586,0.0,0.5965679226638638,5.300599856631632,0.6451208150388673,0.0,0.4834753235957388,0.8110545397378844,0.0,0.6001827647862654,6.458971418453584,0.5010259381651109,0.0,0.42126939225082416,0.6590304924278819,0.0,0.5300476630051048,13.309259088370846
RV_Pace03,96,300,2.3791245072417353,0.1738571810257019,0.0,-0.5575464954494646,0.5090635141817916,0.0,-0.4379137136412541,0.43518890213009276,6.967116554694801,0.020941874167511643,-0.5727720342558971,0.5937139084234087,0.011462271534517385,-0.3994169536092371,0.4108792251437545,12.418188073858596,0.5749564146800983,-0.11647148185782678,0.691427896537925,0.5813988728842157,-0.05751030927541211,0.6389091821596278,12.31224599552864,0.9621062316815504,-0.03495137884966221,0.9970576105312126,1.1329438942045664,0.0,1.122137103297717,2.6233856064954533,0.782648429988189,-0.08073739945972241,0.8633858294479113,0.8051758929307645,-0.03497922970321079,0.8401551226339753,4.381171810355997,0.6216997911794023,0.0,0.49490676408714435,0.7936461825403793,0.0,0.6210949856916097,5.512233149058027,0.5107425754242144,0.0,0.38654924713215305,0.6790694280663722,0.0,0.527008850045217,7.986646245985278,0.3841299693135336,0.0,0.28830233319125975,0.5392500950490888,0.0,0.43653281896756535,16.15895672971848,0.19694345449760015,-0.05646419699291834,0.25340765149051847,0.3322531495774367,-0.06497713969479224,0.3972302892722289,136.9425385894961
RV_Pace04,49,258,12.688115580485874,0.3298265002673222,0.004778247425378475,-0.7213039376974514,0.7260821851228298,0.05492447198032889,-0.5291333787086752,0.5840578506890041,19.503755238449276,0.0,-1.2525425418102747,1.2349430634336698,0.032546746178345604,-0.9246210252050671,0.9571677713834127,7.767088662100337,0.018523072266230768,-1.1111258397545496,1.1296489120207804,0.1075334771228533,-0.7889939309162349,0.8965274080390883,11.82828075372696,0.3245958458598933,-0.1935693595574555,0.5181652054173488,0.5508333069384814,-0.05591337309297496,0.6067466800314564,199.3730452318974,0.19383969933809536,-0.6555490424584219,0.8493887417965174,0.3324851916753348,-0.3427549795131473,0.6752401711884821,49.38094185307673,0.6209887781900368,0.0,0.4742649672655249,0.9418756877496129,0.0,0.7450056522701507,29.642026207738407,0.5716603865659406,0.0,0.43144294467105715,0.897763282104273,0.0,0.6832720138315638,32.98220164121524,0.4839431159893955,0.0,0.37198482346682465,0.8102776710617562,0.0,0.6140441956082305,45.68461797455849,0.29595963987019236,0.0,0.24436891304262362,0.609645993858782,0.0,0.47378008410025846,139.3276892007184
RV_Pace05,144,263,11.427904137971726,0.46756905969055285,0.042147601438715376,-0.6903474276396588,0.7324950290783743,0.007180062148055739,-0.3207677468560208,0.3279478090040765,37.720884985551834,0.3023670536383964,-1.7866411696070366,2.089008223245433,0.26739951434773673,-1.3482320643289947,1.6156315786767315,8.193900778440652,0.3830618205012549,-2.048271535619187,2.431333356120442,0.34809428121059527,-1.616333012536051,1.9644272937466463,7.361580558274686,0.18454262285649733,-1.0314214111855975,1.2159640340420947,0.19457951822636066,-0.5938465562649904,0.788426074491351,31.78008781567481,0.28765548675145525,-1.6269931372214637,1.9146486239729188,0.2526879474607956,-1.1908765763308844,1.44356452379168,12.105436513987181,0.3492396546404574,0.0,0.3240683731770327,0.8167842957250531,-0.009796257827234898,0.826580553552288,130.19541821094785,0.41875120610098865,0.0,0.40687945067898107,0.8863019964512124,-0.02309578386865205,0.9093977803198645,110.66216683928282,0.4435843719011145,-0.006885917056953284,0.4504702889580678,0.9111351622513382,-0.04185345634761292,0.9529886185989511,119.66214756547643,0.3859954172630702,-0.03411969203060029,0.42011510929367046,0.8535462076132939,-0.06908723132125993,0.9226334389345539,206.70219195530257
RV_Pace06,69,247,14.204149678948834,0.4070331753942995,0.0,-1.1042703856185236,0.8608204901143386,0.0,-0.7031216022715753,0.5399259066565065,13.421805701844907,0.0,-1.9251934586321022,1.8650123905340321,0.04810666923960541,-1.5385395392728287,1.5866462085124342,5.234118455042408,0.33840807344377,-1.6443734760627708,1.9827815495065408,0.4466958107814455,-1.2399981880763644,1.6866939988578098,7.828700565814018,0.5761117881879466,-0.29613078797990966,0.8722425761678563,0.7131909164577288,0.0,0.613905221384611,76.52006839970458,0.5326278245103298,-0.9074429622144725,1.4400707867248022,0.6448253147417992,-0.5004158385525135,1.1452411532943128,25.65566622246461,0.1268073694813347,-0.11689281752584249,0.2437001870071772,0.3914858350394651,0.0,0.2892820576652132,1999.4941532093533,0.09425013983868098,-0.19503626085804612,0.2892864006967271,0.3162210796642394,0.0,0.2941715215608608,594.7726825810755,0.03459685486273727,-0.3105514221112472,0.3451482769739845,0.23664135994679786,-0.11195592849157066,0.3485972884383685,165.7709527825829,0.0,-0.4560893527531815,0.407936566523495,0.14576751876107244,-0.27005674391619244,0.4158242626772649,64.43556046664251
RV_Pace07,98,328,29.611093678473033,0.523803516761844,0.0,-1.4018652009592547,1.2479483920030756,0.0,-0.9043612064132538,0.8443795193990061,16.897148155889205,0.0,-2.2599546258722323,2.1854470647876396,0.01942756085733878,-1.7503002826914746,1.7697278435488135,6.075932668387296,0.0,-1.7672213816609745,1.6483334413613129,0.0,-1.2646321124002995,1.2351977651692458,9.69160998404347,0.2515988934635355,-0.4764586861376098,0.7280575796011453,0.7096134671217312,-0.08605032839219123,0.7956637955139225,159.4934498524596,0.02716068738129035,-1.0593003117920647,1.0864609991733551,0.19591595437661802,-0.6115965158159811,0.8075124701925991,29.985125287239608,0.26760713509102085,-0.051414926866088534,0.31902206195710936,0.7893673567423688,0.0,0.7797638101273348,438.0636421749399,0.20507192359999865,-0.084874027765621,0.2899459513656196,0.7280853353527565,-0.014068818377353784,0.7421541537301103,663.4150995157096,0.11024624816627458,-0.12859340814873094,0.23883965631500553,0.6292465345288725,-0.050298915726677246,0.6795454502555497,1754.6711499124713,0.0,-0.19828571104925102,0.16898666292028486,0.47123575448220134,-0.10045888001636968,0.571694634498571,1203.2173910395436
RV_Pace08,63,320,32.35832332027112,0.5718039078444435,0.08586005315805689,-1.1933493674452034,1.2792094206032603,0.12156763613285322,-0.6752893976240514,0.7968570337569046,20.76580106968146,0.1437551145828463,-2.3465797919813105,2.490334906564157,0.17946269755764263,-1.7813584776012532,1.9608211751588958,6.40010455610168,0.2532488527193846,-2.06903834649344,2.3222871992128247,0.24210788802680452,-1.4981660720832752,1.7402739601100798,9.2668182131178,0.2798387897888744,-0.5263977108151552,0.8062365006040295,0.6079086607805169,-0.032080305312369495,0.6399889660928864,148.19021595412775,0.20624060635015298,-1.2560828841168945,1.4623234904670475,0.22495624135039227,-0.6948909365013923,0.9198471778517846,26.685368734769735,0.43678941513068137,0.0,0.3614300660572496,0.9883396392010874,0.0,0.9293238565683446,121.01795862044983,0.44645149445534354,0.0,0.3763361711327822,0.9863290237719491,0.0,0.9325572668900768,128.65511011662127,0.400910644501384,0.0,0.3391038888677119,0.9284327621682622,0.0,0.8829695729752792,179.19821625822377,0.24767898483381662,0.0,0.21000326645252834,0.7635560103461783,0.0,0.742223858405579,612.355643840876
RV_Pace09,73,287,34.293680825693116,0.5854673740451456,0.03410760533879098,-1.247281757024811,1.281389362363602,0.022183109039675825,-0.6680985926778517,0.6902817017175275,23.718859120430302,0.3255874676411775,-2.628049857977689,2.9536373256188666,0.3136629713420624,-2.055015953174797,2.368678924516859,5.842967494245685,0.34517099118002104,-2.2942774516125124,2.6394484427925335,0.3332464948809059,-1.7219226296630477,2.0551691245439536,7.574273214561945,0.16231634830623864,-0.6769806260776585,0.8392969743838972,0.2246434277763123,-0.1128105602633972,0.3374539880397095,92.52949292199438,0.22654950553765665,-1.4426803764913165,1.6692298820289733,0.22456812971110907,-0.8704034538385255,1.0949715835496345,19.081802247096658,0.43678050149742886,0.0,0.3801176181003694,0.9012685183330025,0.0,0.791538905634886,168.57012699217842,0.4524147636771942,0.0,0.404457849793905,0.9163568692829294,0.0,0.8144129495325099,162.94230905599923,0.4147444070117587,0.0,0.3823824418657516,0.8939116560713702,0.0,0.8179711342461058,205.33723521896854,0.26883699817628964,0.0,0.2650878844721782,0.8055373565169094,0.0,0.7934673742332724,541.809529606134
RV_Pace10,72,271,29.14452863580096,0.5378770497907883,0.0,-1.1544466430943592,0.9805779854070205,0.0,-0.6181050743063999,0.5886519446380887,25.04661058483374,0.0,-2.683988657585433,2.5413827256164696,0.0,-2.174971351981702,2.140968520980658,4.6385157392711,0.0,-2.5598041202202126,2.493702348228061,0.042501328975767694,-2.0480506159716363,2.090551944947404,4.996203467673448,0.0,-0.9530021035847389,0.9124745466823646,0.06807554406554495,-0.46818643964444134,0.5362619837099862,33.10465522290385,0.0,-1.7143409653720694,1.634224950169385,0.028487085765234982,-1.188221108775604,1.2167081945408391,10.545145636806678,0.14968378515960912,-0.06300971074279114,0.21269349590240028,0.6634839961127983,0.0,0.5365477096025671,1668.1701169052662,0.18851864896657045,-0.06377441942929622,0.2522930683958667,0.699026415686472,0.0,0.5770300356243079,1307.8977082517981,0.1872619805577639,-0.08006993700855466,0.2673319175663186,0.6940636572358827,0.0,0.582664044366825,1587.9544781500754,0.125415661229569,-0.104623483767366,0.23003914499693498,0.6271803048820694,0.0,0.5344976934610793,2773.5298883913442
RV_Pace11,72,263,15.665702799169413,0.3769177447472448,0.0,-0.9155352918360696,0.8638541096889466,0.0,-0.5440410678067316,0.5438845147468646,20.126611012453367,0.0,-1.4669371435202743,1.3943298662956658,0.0,-1.095251060657823,1.0741684125204705,8.050051423157631,0.0,-1.1090477933946463,1.035806307053522,0.006692654068655157,-0.7365911494678383,0.7432838035364935,14.409064432955356,0.18583104429681013,-0.10338619636913648,0.2892172406659466,0.4631801156559075,-0.0034293592916578818,0.4666094749475654,1110.4568869310508,0.07191541694387868,-0.4945379487402776,0.5664533656841563,0.20296292904298954,-0.14612893009144473,0.3490918591344343,66.7102368043065,0.754896852022573,0.0,0.570638655290133,1.1318145967698179,0.0,0.8960317709501219,25.96924762871916,0.7407233401131937,0.0,0.5694885957048236,1.1176410848604386,0.0,0.8658081274263975,26.362584830662612,0.6713765364472443,0.0,0.5342022567846494,1.048294281194489,0.0,0.7999342044315881,31.53085376830606,0.45617193705190334,0.0,0.3861700795195607,0.8318272092833803,0.0,0.6426994207290101,67.49951745122472
RV_Pace12,59,254,13.841902107947007,0.4011075751439102,0.0,-0.9294017643031035,0.8171330196514098,0.004167243727991848,-0.6326529247487886,0.6368201684767805,12.70139891173384,0.0,-1.6247850043445178,1.4385525643533952,0.0,-1.2438421634814327,1.1740457118699956,6.1998060143009415,0.07032590219427215,-1.439780768683903,1.5101066708781752,0.19480952155107084,-1.051525550463202,1.2463350720142727,11.160685701314456,0.566131419849803,-0.1175148762135957,0.6836462960633987,0.7343141168401792,0.0,0.6266009510139886,74.87833245522582,0.4147594846095324,-0.7310935723395431,1.1458530569490755,0.5625601896567445,-0.342838354118842,0.9053985437755865,52.327245326902336,0.3323483857120488,0.0,0.22434873409201975,0.718977008157949,0.0,0.5622870797251358,113.32331183775362,0.23912996687853655,0.0,0.15009653360100178,0.6382159432122438,0.0,0.5004922331219249,231.37785010860324,0.13324849367913102,-0.024692084233042588,0.1579405779121736,0.49536856817379027,0.0,0.3882085608154242,1544.5984073236416,0.042436438798863024,-0.2318477457981758,0.27428418459703885,0.26091869475475415,-0.008598634301219044,0.2695173290559732,290.440719540886
